date,project,output_type,title,venue,identifier,url,confirmation_saved,notes
2026-09-15,CIDEX,dataset,"CIDEX: Compression-Ignition Engine Certification Panel",Zenodo,10.5281/zenodo.22761791,https://doi.org/10.5281/zenodo.22761791,no,"Concept DOI; v1.0.0 is 10.5281/zenodo.22761792. Deposited via the GitHub-Zenodo integration from release v1.0.0."
2026-09-16,CIDEX,preprint,"A harmonized panel of United States compression-ignition engine certification data, with resolved certification lineage",engrXiv,10.31224/8233,https://doi.org/10.31224/8233,no,"Version 1, CC BY 4.0. Landing page https://engrxiv.org/preprint/view/8233"
2026-09-18,FUELDIV,preprint,"What the fuel regulation guarantees an engine designer: a specification divergence register for United States compression-ignition certification",Zenodo,10.5281/zenodo.22822591,https://doi.org/10.5281/zenodo.22822591,no,"Concept DOI; version record 10.5281/zenodo.22822592."
2026-09-18,FDA,preprint,"How far has the diesel pool moved from the certification fuel? A state-level specification-based atlas for the United States, 2011-2024",Zenodo,10.5281/zenodo.22822535,https://doi.org/10.5281/zenodo.22822535,no,"Concept DOI. v1 (10.5281/zenodo.22822536) was deposited before the cetane-ceiling correction and is superseded by v2 (10.5281/zenodo.22832979). Deposited PDF at v2 is byte-identical to the corrected build, md5 9d4bf0c612f7466eb7b39d0241aabca7."
2026-09-18,FACET,software,"FACET v1.0.0 - program statement, portfolio and evidence log",GitHub,v1.0.0,https://github.com/osariemenimafidon/facet/releases/tag/v1.0.0,no,"Release cut; Zenodo DOI pending confirmation."
2026-09-18,FACET,working paper,"FACET: Fuel-Adaptive Control Evidence & Transferability - research program, portfolio and evidence log",Zenodo,10.5281/zenodo.22823180,https://doi.org/10.5281/zenodo.22823180,no,"Concept DOI; version 10.5281/zenodo.22823181. Deposited automatically by the GitHub-Zenodo integration from release v1.0.0."
2026-09-18,CIDEX,dataset,"CIDEX v1.0.1 - deposit now includes the data paper",Zenodo,10.5281/zenodo.22833302,https://doi.org/10.5281/zenodo.22833302,no,"New version under the existing concept DOI 10.5281/zenodo.22761791. The v1.0.0 deposit archived tag v1.0 at eebd37f, which predated the data paper; the concept DOI now resolves to a snapshot that contains it."
2026-09-18,FUELDIV,dataset,"FUELDIV: a specification divergence register for United States compression-ignition certification and in-market diesel fuel",Zenodo,10.5281/zenodo.22833312,https://doi.org/10.5281/zenodo.22833312,no,"Concept DOI for the register and pipeline; version 10.5281/zenodo.22833313. Distinct from the preprint DOI 10.5281/zenodo.22822591."
2026-09-18,FDA,dataset,"FDA: Fuel Divergence Atlas",Zenodo,10.5281/zenodo.22833317,https://doi.org/10.5281/zenodo.22833317,no,"Concept DOI for the pipeline and panel; version 10.5281/zenodo.22833318. Distinct from the preprint DOI 10.5281/zenodo.22822535. Deposited before .zenodo.json existed, so its metadata is thinner than the others and would benefit from an edit on Zenodo."
